username,age,gender,nr_of_reviews,country
pbaulcombe0,55,F,199,Indonesia
sromayne1,32,F,25,Canada
anoonan2,51,F,96,Russia
jdriscoll3,19,M,42,Nigeria
apicard4,53,F,66,Philippines
mswanborrow5,50,M,44,Bosnia and Herzegovina
pfranceschielli6,47,F,142,China
lbartles7,58,F,170,Venezuela
atohill8,11,F,96,Venezuela
bquarton9,29,M,178,Vietnam
mtofta,27,F,83,Vietnam
ranfreyb,45,F,105,Poland
sraintonc,21,F,140,Chile
lburlinghamd,28,F,42,Poland
hplewmane,21,F,54,Indonesia
lshaperaf,37,M,3,Libya
sbeterissg,43,M,58,Philippines
ebevissh,12,M,68,China
jaldridgei,8,F,158,Portugal
mgordongilesj,22,M,124,China
kkeadyk,53,F,52,Philippines
fveljesl,42,M,167,China
egotliffem,15,F,6,Brazil
stoffeln,17,M,17,Brazil
kyockleyo,42,F,162,Indonesia
jwellsp,58,M,164,Belarus
dcraighillq,36,M,150,Brazil
ctawr,8,F,11,Indonesia
smaymans,49,F,95,Canada
bgraingert,14,F,98,Indonesia
ejanuaryu,47,F,16,Sweden
egillardv,54,M,25,Russia
ttocknellw,38,M,150,Indonesia
swincklex,46,M,112,Poland
slifseyy,33,M,193,Indonesia
bleyzellz,52,F,146,China
rtomaszynski10,23,F,66,Nigeria
mmalyon11,29,M,8,Brazil
ecandlish12,54,F,66,Philippines
kshyres13,31,F,115,Brazil
wsherebrooke14,36,F,188,United States
bfardo15,31,M,16,Canada
kbendall16,43,F,115,Israel
jodulchonta17,46,F,47,Indonesia
lrudham18,33,F,179,China
rsimon19,48,M,88,Peru
hwishart1a,51,M,19,China
bjurisch1b,26,F,18,Indonesia
hdrummer1c,57,M,105,China
srewcastle1d,40,F,153,Serbia
cellings1e,34,F,112,Albania
gmccroft1f,44,F,52,Sweden
fcreek1g,32,M,37,Russia
swyldish1h,51,M,95,Syria
vrumney1i,12,M,176,China
khonig1j,16,F,173,Morocco
tklessmann1k,20,M,3,Egypt
adeverson1l,25,M,50,Brazil
monion1m,44,F,195,Indonesia
mphillott1n,7,F,79,Poland
gvellden1o,32,F,119,Russia
ashiell1p,52,F,190,Egypt
gpetracco1q,58,M,96,Indonesia
cespinha1r,46,F,11,Bulgaria
amammatt1s,49,M,66,Canada
cboskell1t,9,M,168,China
apithie1u,41,F,49,Philippines
lboothby1v,7,F,45,South Korea
ajosselson1w,59,M,82,Latvia
lstopp1x,60,F,151,Philippines
blammie1y,42,F,93,China
tgregoratti1z,12,M,200,Argentina
tcartner20,35,F,68,China
wnaisbit21,28,F,188,China
ccalltone22,47,M,54,China
kfountain23,47,F,194,Indonesia
rlemoucheux24,48,F,97,China
cessex25,15,F,102,Russia
tstatham26,46,M,73,China
galeixo27,28,M,86,China
sveschambes28,18,F,135,Indonesia
jmaltby29,36,M,161,Indonesia
fchastey2a,53,M,35,Indonesia
qbaribal2b,40,M,23,Sweden
jbrockie2c,26,F,122,Portugal
gbillborough2d,58,M,34,Indonesia
meskriett2e,45,F,77,China
hhucks2f,36,M,40,France
aclemonts2g,46,F,66,Russia
scottell2h,57,F,149,Pakistan
cgreenham2i,32,F,81,Guatemala
fmargaret2j,7,F,31,Poland
eelsley2k,10,F,107,Argentina
echastan2l,12,F,51,Colombia
aedleston2m,10,F,28,Poland
raubry2n,22,F,69,China
bpyrah2o,58,M,75,Philippines
rlovie2p,54,F,36,Philippines
ebrigden2q,17,M,178,Egypt
sheugh2r,32,F,95,Syria
jportigall2s,31,M,174,Indonesia
ltolworthie2t,35,M,95,Russia
adrinkeld2u,15,F,114,Russia
dleisman2v,14,F,192,Iran
bstjohn2w,59,M,13,France
ddursley2x,36,F,178,Tunisia
cbrewins2y,34,M,149,Czech Republic
dmattevi2z,24,F,168,Uzbekistan
ctaffee30,14,M,21,Norway
ehigbin31,41,F,94,Venezuela
wrichardes32,47,F,116,Poland
foldman33,54,M,70,Indonesia
hhendriksen34,38,M,53,China
crentcome35,57,F,59,China
mwishart36,26,M,166,Japan
ygregson37,52,F,168,France
hdehm38,42,M,153,United States
wspringer39,13,F,132,Ukraine
vburnes3a,36,M,13,Bolivia
jguiso3b,17,F,167,Philippines
ssalvidge3c,26,M,147,Brazil
lnote3d,17,F,26,Russia
vmccaffrey3e,12,M,124,Russia
eitzkov3f,31,F,127,Brazil
ydowsett3g,41,M,154,Poland
cocarmody3h,57,F,98,Mexico
jsimonnet3i,59,F,161,Russia
scud3j,33,F,44,Venezuela
gstorre3k,13,M,139,Poland
jgreve3l,35,M,40,Russia
tjouanet3m,33,M,73,China
wswadlin3n,28,M,163,Brazil
mforman3o,30,M,51,Russia
todonnelly3p,36,F,122,China
alibrey3q,37,F,154,Russia
swarin3r,29,M,43,Indonesia
chawson3s,47,F,41,China
zspeenden3t,58,F,6,Russia
eyexley3u,11,M,85,China
bbercevelo3v,17,F,161,China
alafoy3w,30,F,23,Slovenia
cmcall3x,16,F,172,China
cgricks3y,36,F,13,Croatia
rantonovic3z,60,F,89,South Africa
vwinfield40,39,F,114,Russia
omackstead41,57,F,77,France
psalvin42,53,M,103,Poland
bstoeck43,37,M,171,Palestinian Territory
otudhope44,58,M,161,Brazil
wropkes45,55,M,28,Serbia
astening46,30,F,29,Vietnam
kbullingham47,11,F,180,Germany
aaliberti48,34,M,80,China
bbeckworth49,20,M,188,China
dloton4a,59,M,9,Indonesia
enewark4b,60,F,18,Spain
ckainz4c,58,F,55,Colombia
jlown4d,32,F,71,China
tioan4e,8,F,15,Macedonia
vnuss4f,24,F,97,Slovenia
mghirardi4g,46,F,24,Argentina
rtomich4h,12,F,81,China
mscherme4i,23,F,55,Brazil
aasser4j,7,F,159,Colombia
alauga4k,58,M,156,China
zgiorgini4l,7,M,80,United States
ygunner4m,27,F,111,China
cpoulton4n,38,F,43,Portugal
mfrankcombe4o,23,M,184,Belarus
sbroke4p,39,M,187,American Samoa
agoodlud4q,52,M,142,Azerbaijan
aboggas4r,51,M,187,Colombia
lmarre4s,42,F,189,Brazil
gwinstone4t,14,F,116,Czech Republic
mnineham4u,54,M,42,Czech Republic
jmalam4v,7,F,91,Portugal
wriddel4w,52,F,38,Kenya
cbartelsellis4x,17,F,82,China
tnadin4y,30,M,173,Poland
lchasles4z,8,F,83,Argentina
ngenge50,14,M,152,Brazil
pfreear51,32,F,14,Indonesia
iwhitsey52,14,M,174,Poland
hkield53,20,F,150,Sweden
rchristol54,27,F,163,Portugal
jmonelle55,7,M,123,Luxembourg
lramel56,22,F,95,Indonesia
rashburne57,38,M,138,China
yputtergill58,51,M,8,China
hbreydin59,30,M,38,Georgia
ifoale5a,33,M,91,Indonesia
skippin5b,46,M,17,China
dheibl5c,59,F,182,Cuba
lugoni5d,29,M,140,South Africa
ibunson5e,45,M,199,Sweden
bcostall5f,32,M,172,Yemen
rantoniutti5g,48,M,1,Tanzania
cmustoo5h,18,F,3,Portugal
glabusch5i,42,M,184,Russia
mcultcheth5j,11,M,36,Libya
rarndt5k,37,F,160,Ireland
menrdigo5l,21,M,157,Indonesia
hglaze5m,15,M,196,China
dstennett5n,57,F,40,Madagascar
cabramski5o,54,F,132,Czech Republic
tmcclaughlin5p,9,M,67,China
emalcolmson5q,30,M,190,China
ystruthers5r,46,M,68,Spain
amustoo5s,38,M,157,China
ghowroyd5t,38,F,183,France
mlamborne5u,46,M,87,Portugal
khegge5v,20,M,161,Greece
dcregg5w,55,F,79,Sri Lanka
efeitosa5x,13,F,52,France
garmfield5y,13,M,128,China
cdart5z,60,F,174,Indonesia
ltrosdall60,47,M,87,Brazil
gedinboro61,52,F,102,Philippines
azamorano62,27,M,35,Senegal
cpardey63,41,F,198,Indonesia
bbottell64,26,F,121,Argentina
bbrayson65,20,M,36,Colombia
sjanko66,54,F,163,Philippines
jdealtry67,54,F,15,Czech Republic
rdrescher68,8,F,78,China
lubach69,53,F,85,China
dspurman6a,55,M,163,United States
tbartley6b,26,M,63,United Kingdom
prewbottom6c,55,M,194,Argentina
jproctor6d,53,F,122,Poland
ljendrys6e,19,M,87,Thailand
cscotcher6f,44,M,1,China
rhully6g,57,F,10,China
gilyushkin6h,16,M,150,Vietnam
ijenteau6i,11,M,43,Japan
odunseith6j,11,M,25,Brazil
bjardein6k,31,F,49,Philippines
mcanacott6l,37,F,89,China
dscoble6m,16,M,92,Indonesia
mkimberly6n,31,F,151,Israel
stomasik6o,41,M,115,Sweden
lcowterd6p,56,M,159,Madagascar
efrayling6q,59,F,181,Greece
btrimmill6r,59,F,83,Canada
vdumini6s,27,M,27,Germany
gbonner6t,49,F,178,China
eyakubovich6u,33,M,31,Philippines
alangsdon6v,8,M,123,Brazil
cwaddup6w,25,F,145,Philippines
lsteynor6x,13,M,75,China
cosgar6y,49,M,187,Brazil
mdannell6z,31,F,29,Guinea
eortet70,31,F,56,United States
jblucher71,43,M,172,Philippines
cvela72,11,F,91,Philippines
pblakiston73,12,F,48,United States
dculross74,37,F,31,Argentina
gthreadgold75,28,M,136,Tanzania
mlelievre76,16,M,143,Egypt
amilligan77,11,F,48,Sweden
dbucksey78,21,F,143,Czech Republic
jprimak79,33,M,37,Kazakhstan
bduckinfield7a,56,F,2,Gambia
bfeatenby7b,13,M,185,Russia
jcanavan7c,45,F,29,Russia
opurrington7d,60,M,129,Brazil
sstoffels7e,31,M,1,Japan
bnarup7f,34,F,11,China
ewhistlecroft7g,33,M,189,China
mcapewell7h,8,F,17,China
gocrevan7i,35,F,193,Italy
epollett7j,16,M,132,Russia
whastewell7k,54,M,113,Indonesia
nbartolomieu7l,22,F,56,Palestinian Territory
cdmitrovic7m,38,M,3,Canada
cpermain7n,36,F,155,France
aclarkin7o,33,F,5,Slovenia
iwinsbury7p,31,F,27,France
itchaikovsky7q,54,F,74,Poland
hoguz7r,8,M,136,Russia
mchansonne7s,26,F,189,Japan
irignall7t,11,M,116,Argentina
coilier7u,12,M,163,Russia
moleahy7v,17,F,72,China
sbeston7w,46,F,106,Nigeria
usommer7x,9,M,1,Argentina
broscow7y,26,M,162,Portugal
ncaltun7z,12,M,24,Indonesia
mkendal80,27,F,38,Indonesia
bjenny81,60,F,176,Ukraine
ashoebrook82,43,M,162,Sweden
acakebread83,56,F,183,China
clofty84,10,F,100,Spain
ccoite85,15,F,180,Peru
hdiaper86,49,F,187,Argentina
nleffek87,21,F,156,United States
bhutchason88,13,F,59,China
ntuther89,40,F,25,Brazil
epower8a,39,M,71,United States
ohickford8b,33,M,97,China
owedmore8c,21,M,187,France
tmottini8d,9,M,81,Brazil
mgreenroad8e,16,M,116,Ukraine
rlakes8f,19,F,84,China
vflahy8g,54,F,38,Philippines
dgoodsall8h,55,F,45,Serbia
psolomonides8i,35,F,59,Latvia
jstangroom8j,18,F,106,Croatia
mjovis8k,55,F,160,Portugal
jmohammad8l,8,M,107,Armenia
qhentzeler8m,57,F,198,France
apalliser8n,54,F,129,Bhutan
gdzeniskevich8o,24,M,151,Luxembourg
kfurmage8p,10,M,159,Philippines
calgie8q,51,F,180,China
gales8r,23,F,164,Luxembourg
wmcblain8s,40,M,53,China
rderisley8t,41,M,14,Greece
gwarbey8u,29,M,52,Mongolia
ebearfoot8v,21,M,56,Gambia
ckarppi8w,47,M,176,Albania
lheindl8x,16,M,1,Democratic Republic of the Congo
cthyer8y,55,M,40,Indonesia
mrickardsson8z,50,M,10,Portugal
mstrase90,10,M,115,United Kingdom
peberst91,31,M,62,Indonesia
agingel92,54,M,9,Brazil
gwalling93,54,F,40,Nigeria
mbartlosz94,17,M,147,China
lreeves95,45,M,122,Russia
dbullers96,10,F,200,Colombia
bvearnals97,16,M,87,France
mlemonnier98,50,F,86,France
crowbotham99,12,F,157,United States
rgipps9a,32,M,24,Canada
mmcquirter9b,30,M,4,Vietnam
vbasant9c,36,F,106,China
kpascall9d,8,F,127,Panama
sallsebrook9e,10,M,106,China
dloudian9f,41,M,123,Chile
vcaldroni9g,54,F,120,Indonesia
mbartoloma9h,57,F,68,France
coffener9i,11,M,32,Russia
hhovington9j,29,F,196,China
sdalinder9k,44,M,3,Syria
merrowe9l,27,M,147,Tunisia
labrahamsen9m,10,F,161,Switzerland
apincott9n,25,M,156,Norway
ccurzon9o,60,M,37,Guatemala
rtarbin9p,31,F,29,Indonesia
kholwell9q,47,M,102,Peru
bmanthorpe9r,40,M,58,China
bjellett9s,17,F,7,Burkina Faso
plovelady9t,37,F,39,France
mcorneille9u,41,M,146,China
vcroxton9v,18,M,174,Chile
tdodswell9w,46,F,129,Portugal
kbaumaier9x,50,F,1,Peru
bthewys9y,9,F,101,South Africa
tsimeon9z,9,F,180,Pakistan
lduriea0,47,F,3,France
npeata1,35,F,35,Madagascar
mmussena2,33,F,138,Brazil
agockelera3,58,M,113,United States
mhirschmanna4,20,M,164,China
jchampkena5,13,F,186,Vietnam
crissoa6,14,M,8,Portugal
tbrosea7,9,F,80,Nigeria
bsaratha8,24,M,185,Indonesia
kpeytona9,10,F,71,China
bscorahaa,19,F,59,China
rcordeixab,38,M,96,Philippines
chernikac,34,F,172,Japan
dphilbrickad,35,M,54,China
jstivensae,43,F,112,Morocco
cromagosaaf,60,F,192,Egypt
halfordeag,56,M,61,Madagascar
shurleyah,11,M,68,Philippines
msongustai,14,M,184,China
rbarckaj,60,F,42,Ireland
elabrowak,20,M,86,Poland
dcrippsal,44,F,15,Mexico
nelwellam,50,F,80,Peru
bforemanan,29,M,65,Indonesia
mhartlesao,29,M,162,Philippines
modohertyap,7,F,174,Portugal
dhammattaq,14,F,14,Vietnam
lpoundsfordar,58,F,132,Armenia
natackas,41,F,32,Armenia
vbranganat,60,F,7,Ireland
ajerwoodau,16,F,161,Vietnam
rgoodaav,21,F,141,China
psavilaw,27,M,129,Nigeria
jstrangewayax,58,M,73,Indonesia
dorteltay,11,M,31,China
cdeningtonaz,25,M,117,Kenya
blumpkinb0,49,M,109,Bolivia
srymmerb1,55,M,42,Peru
agiloglyb2,19,M,91,Colombia
kgerrishb3,22,M,51,Indonesia
kklimasb4,15,F,48,Philippines
bprentyb5,20,M,36,Bolivia
tbrombyb6,56,M,92,China
bburwellb7,30,M,156,Indonesia
ltuffinb8,19,F,151,Czech Republic
tdrainb9,11,M,182,Netherlands
wjellicoba,25,F,25,China
sloynesbb,36,F,183,Panama
aholburnbc,38,M,175,Indonesia
cdjordjevicbd,58,M,187,Portugal
ccrumpebe,7,F,69,Japan
gshakeladebf,59,F,130,Nepal
eberardtbg,60,F,74,Indonesia
llindenbluthbh,37,F,48,China
tburdekinbi,41,F,131,Philippines
ntidmarshbj,23,M,179,New Caledonia
mdumbletonbk,8,F,84,United States
crichmontbl,15,F,30,Portugal
halvenbm,32,F,185,Poland
kdonisobn,28,F,54,Afghanistan
wgrigolettibo,7,M,143,Canada
abollardbp,25,F,89,Russia
aclearbq,26,F,182,Peru
dcrevybr,47,M,124,Philippines
mdengelbs,20,F,55,Honduras
jrheaumebt,12,M,197,Israel
arultonbu,36,M,40,Indonesia
kmenlowbv,23,M,88,Israel
dcheverellbw,15,F,107,Thailand
gblazejbx,16,F,185,Palestinian Territory
graithbieby,40,F,33,China
ktettherbz,13,F,5,France
msappyc0,28,F,192,Indonesia
eudenc1,8,F,170,China
hsantryc2,9,M,12,Sweden
agerrishc3,34,M,66,Poland
zipsgravec4,12,F,10,China
lgreensidesc5,24,M,185,Sudan
mvanc6,30,M,186,Portugal
bredsullc7,19,F,39,Syria
cmcmichellc8,42,F,73,China
tbagniukc9,48,F,29,Ukraine
adeyeca,25,M,63,Portugal
bgeaneycb,23,F,66,Poland
ychadwyckcc,8,F,88,China
bponcetcd,14,M,119,Japan
msaddlerce,54,F,22,United States
cdobbinscf,22,M,179,Poland
ksevillecg,41,M,140,Afghanistan
jmacvaughch,49,M,112,Indonesia
rsmaleci,59,F,176,Sweden
ahehnkecj,46,F,77,Ecuador
cbraveryck,14,F,2,France
ujackalincl,32,F,37,China
twoolamcm,60,M,13,Greece
mokellehercn,23,F,190,South Sudan
jwhaphamco,47,M,19,Uzbekistan
obarrettcp,54,M,185,Russia
gmorotcq,14,M,128,Yemen
lmcgraylecr,30,M,97,China
icanocs,36,M,73,Indonesia
smousdallct,58,M,21,Mauritania
jtolchercu,41,F,89,Mexico
bfearensidecv,38,F,186,China
tgrovescw,19,M,190,Japan
dblakewaycx,15,F,151,France
jerdescy,16,M,189,Chile
awhetnallcz,11,M,13,Dominican Republic
swickinsd0,23,M,43,China
cprugeld1,14,M,67,Yemen
jpirtd2,25,F,158,Poland
ltetlad3,30,F,92,Jordan
mbelliardd4,38,M,34,China
asimoneaud5,35,F,93,China
ndabnord6,48,M,106,United States
rradfordd7,41,F,170,China
cvallenderd8,36,F,8,Thailand
lcorterd9,24,M,13,Russia
ghayerda,16,M,107,Tanzania
tlympeniedb,11,M,28,Colombia
qbelvindc,11,M,6,Malaysia
rmacchaelldd,35,F,30,China
mmacneicede,54,M,41,Honduras
bcurgenuerdf,60,F,73,Latvia
hmerrettdg,7,F,169,Sri Lanka
anoyedh,11,M,37,Denmark
gbelchemdi,31,F,168,Philippines
dhagerghamdj,48,F,75,Croatia
mbandtdk,60,M,101,Tanzania
jfalcusdl,8,F,78,Afghanistan
cwigmoredm,55,F,117,Mexico
gmagrannelldn,8,M,163,Indonesia
sdenyagindo,57,F,133,Kazakhstan
kshearmurdp,39,F,173,Portugal
bemelinedq,45,M,156,Colombia
agernierdr,44,F,104,United States
rminterds,24,F,146,China
wklimkowskidt,32,M,94,Greece
druanedu,20,F,47,Indonesia
umunroedv,36,M,7,Brazil
mconstancedw,17,F,82,Greece
hmcnultydx,11,F,78,Brazil
schesshiredy,33,M,114,Argentina
hdrewittdz,36,M,59,Portugal
hceyssene0,15,M,115,China
vmarvele1,27,F,125,Canada
okovnote2,7,M,182,Zimbabwe
cdukee3,23,M,59,China
mrapkinse4,54,M,51,Indonesia
rstelfaxe5,53,F,57,Indonesia
mjutsone6,36,M,155,Ghana
aebsworthe7,47,M,109,Ukraine
lpollette8,37,F,126,North Korea
cbiggadikee9,15,F,112,Portugal
iduignanea,52,F,69,Hungary
cbrookbankeb,23,F,24,Macedonia
pchidlerec,16,F,161,China
fwagstaffed,35,F,53,Mongolia
arappportee,7,M,170,Poland
klangtonef,13,M,172,Sweden
sscroggseg,23,M,57,Thailand
creightleyeh,30,M,0,Portugal
brupprechtei,52,F,136,Indonesia
mammerej,25,F,84,France
kcromwellek,19,M,26,Poland
rgreiswoodel,49,M,150,Portugal
cghironem,23,M,191,Russia
vdanovichen,55,F,9,Sweden
mcavanagheo,9,M,14,Libya
jstanbridgeep,17,M,47,Indonesia
acunradieq,8,M,147,China
ecoffeeer,32,M,112,Poland
bmegarryes,42,M,144,Latvia
ccuniffeet,11,F,44,Indonesia
fpillifanteu,58,F,192,Philippines
ejohnstoneev,31,F,27,Kenya
sgodbehereew,24,F,138,Japan
rdrydenex,36,F,16,Russia
iwaistalley,45,F,30,United States
boherlihyez,57,F,163,Indonesia
acoulesf0,38,F,120,Guatemala
rwennf1,32,F,178,Poland
adellentyf2,28,M,19,El Salvador
mninnolif3,15,M,36,Maldives
tfewlessf4,25,M,164,Indonesia
hkarpushkinf5,50,F,197,Sweden
bfavillf6,60,M,21,Greece
eicetonf7,52,M,177,Indonesia
opriestf8,43,F,147,United States
eherkessf9,49,F,200,Indonesia
epearlefa,60,M,122,Russia
jkeenlysidefb,57,F,109,Indonesia
iouverfc,50,F,9,Netherlands
rpomfrettfd,37,F,156,Indonesia
kmaytumfe,28,M,85,Portugal
mornillosff,15,M,144,Vietnam
ftrewinfg,46,M,187,Finland
egrevefh,50,F,93,Sweden
kcapronfi,11,M,193,China
cnabbsfj,33,M,34,Philippines
kshoryfk,31,M,14,Greece
irubinivitzfl,40,F,86,Uganda
hmoquinfm,47,F,145,China
lkondratfn,20,F,49,Vietnam
mmcandrewfo,50,M,129,Iraq
irodmanfp,22,F,190,Thailand
mskudderfq,30,M,35,China
yreddingfr,56,M,185,China
alaycockfs,56,F,137,Brazil
atriggft,53,F,13,Greece
acoughanfu,12,F,156,Brazil
hlittlerfv,37,F,103,Indonesia
sshorlandfw,46,F,153,Philippines
jpelmanfx,29,M,166,Croatia
sguidify,37,M,30,Greece
bpextonfz,39,M,27,China
srantoullg0,7,F,133,United States
eghentg1,14,F,52,Poland
rsapsfordg2,15,M,192,China
thiggonetg3,57,F,131,Philippines
mhopkynsg4,38,F,101,Nigeria
srobroseg5,38,M,89,Indonesia
tdewireg6,9,F,3,Indonesia
pparfreyg7,21,M,49,Honduras
eguyotg8,21,F,29,Argentina
rattrieg9,13,F,51,Philippines
ilawlesga,18,M,189,China
bandroligb,27,M,124,Philippines
sfrancoisgc,15,M,196,Philippines
rclokegd,54,F,32,Colombia
abenzge,47,F,85,China
mlestrangegf,25,M,165,Spain
mhattongg,54,F,33,United States
oskelhornegh,23,M,194,United States
mcramgi,12,M,109,Sweden
rseathwrightgj,52,M,90,Sweden
sbirckmanngk,52,F,97,Italy
tbaudinogl,21,M,199,France
ksuthworthgm,54,M,27,Philippines
meldridgn,40,M,151,Kosovo
kjenourego,25,M,1,Croatia
rnoddlesgp,52,M,76,Kuwait
rdeergq,44,F,171,Greece
arilingsgr,13,F,176,Philippines
mbenedttigs,9,M,66,Slovenia
llawreygt,26,F,118,South Africa
rbrierleygu,34,F,181,Malaysia
grubinsohngv,48,F,141,Philippines
aeadiegw,13,F,155,Mexico
bbonsallgx,42,F,111,Indonesia
abakeygy,18,F,25,Bolivia
hbartolomeazzigz,36,F,186,Ivory Coast
lsimeonih0,13,F,19,Paraguay
gchanterh1,49,F,142,Philippines
istanlickh2,24,F,137,France
blobh3,11,F,172,Colombia
mandrichakh4,41,M,141,Armenia
smintramh5,8,M,139,China
gallansh6,55,F,163,Poland
msaphh7,55,F,5,Indonesia
nmiddellh8,17,M,89,Peru
olavenh9,33,M,38,China
emuggachha,53,M,19,China
jcolombierhb,8,F,30,Indonesia
rfardoehc,12,F,108,Philippines
ylundyhd,19,M,7,China
cbuneyhe,53,M,179,Portugal
kmainstonehf,22,F,148,Iraq
jgiordanohg,32,F,186,Russia
hwybournehh,31,F,135,Afghanistan
ltillehi,41,M,199,Indonesia
bmokeshj,42,M,95,China
wcheltnamhk,9,F,90,Russia
njigglehl,41,F,137,Poland
khuonichm,54,F,129,China
btuttonhn,11,M,117,Maldives
afaradayho,17,M,51,Ireland
wgrisdalehp,56,M,46,Czech Republic
pounsworthhq,19,M,66,Venezuela
twemmhr,56,F,48,Portugal
jcamblinghs,59,M,66,Poland
ygronowht,40,M,159,Thailand
ecrewshu,24,M,57,China
dalessandruccihv,27,F,78,Indonesia
erizzottohw,56,M,96,China
evitallhx,25,F,30,Bolivia
packlandshy,50,M,49,China
nbertlinhz,22,M,115,China
alinsleyi0,14,F,2,Ukraine
dgrinvaldsi1,22,F,188,China
sverbekei2,15,M,161,Poland
mpattendeni3,40,F,158,Colombia
vtrussei4,13,M,105,China
pcolesi5,32,F,97,Peru
jblanchardi6,36,F,117,Sweden
nohogani7,32,M,38,China
abasketfieldi8,40,F,177,Pakistan
bcrosslandi9,52,F,155,China
njanseia,20,F,140,Colombia
kboucherib,44,F,197,China
gwhacketic,13,M,97,Indonesia
ulawrieid,11,M,71,Russia
nreedshawie,32,M,81,Brazil
zyallowleyif,34,M,98,Luxembourg
hwallaceig,39,F,67,Philippines
esimoniteih,58,F,47,China
meassonii,43,F,99,Ecuador
hbasonij,50,F,158,Brazil
ggraeserik,47,F,17,Italy
nalgeril,20,F,84,Central African Republic
smayouim,23,M,145,China
swoolveridgein,13,M,131,Cameroon
tbremeyerio,12,F,170,Macedonia
tfortip,12,F,86,Colombia
nmangenotiq,52,F,122,Burkina Faso
studgayir,16,M,100,Czech Republic
amartinis,28,F,34,Kazakhstan
ntonbridgeit,11,F,66,Indonesia
iidleiu,51,M,6,China
ahallexiv,50,M,49,China
lbeakiw,9,M,57,France
audallix,32,M,141,China
vsuggittiy,41,F,17,Portugal
mskoulingiz,42,M,93,Poland
oharwoodj0,59,F,158,France
ecartmelj1,59,M,69,Indonesia
cbulmerj2,17,F,84,Philippines
kdupeyj3,35,M,50,Indonesia
estormj4,7,F,84,Argentina
mmettetalj5,56,M,6,Indonesia
imcmorlandj6,24,F,192,Brazil
mdendlej7,15,M,62,Indonesia
egasparj8,40,M,59,Japan
ulesekj9,45,M,75,Iran
smccaugheyja,19,F,171,China
rsothernjb,22,F,10,Nigeria
grivittjc,45,F,31,Indonesia
lfomichyovjd,40,M,15,Albania
wdeathje,7,F,166,Russia
lmooneyjf,14,F,178,Cyprus
ngordgejg,41,F,42,China
parmorjh,17,F,77,Portugal
ebroekji,12,F,159,Indonesia
yrihanekjj,33,F,60,China
dwilnejk,30,M,135,Croatia
lcockingjl,41,M,94,Sweden
apracyjm,49,F,122,Portugal
bbrideaujn,16,M,43,China
cmanifieldjo,7,M,194,Peru
pcupittjp,37,F,44,United States
speacockjq,40,M,115,Poland
rbittlesonjr,55,F,120,Philippines
mstygalljs,13,M,59,France
gjamesonjt,47,F,159,China
ddarqueju,18,F,97,Pakistan
kkarolowskijv,10,M,23,China
ajeejw,25,M,78,China
csteuartjx,58,F,81,China
rburchmorejy,48,F,106,China
nbaddoejz,37,M,94,France
cpennicardk0,11,F,178,Netherlands
cclaessensk1,27,M,132,France
fesbrookk2,41,M,122,China
vbavridgek3,40,F,77,Sweden
whaugheyk4,60,F,10,Madagascar
aengledowk5,17,F,4,Indonesia
hfrisbyk6,46,F,65,Philippines
lmacareek7,25,M,24,Mexico
chedgerk8,54,M,75,China
gscarbarrowk9,19,F,34,Maldives
djordanka,18,M,58,Tunisia
ddubblekb,14,M,69,Russia
mbourdicekc,25,M,42,Indonesia
aplastowkd,57,F,23,Iran
clyneke,59,F,198,Sweden
jeckfordkf,26,M,56,Poland
bandertonkg,54,M,144,China
agileskh,41,M,38,Russia
kjzakki,22,M,77,China
vcastellankj,54,M,166,China
smcclunekk,53,M,66,Tanzania
colyffkl,50,M,133,France
ngillbeekm,19,M,5,Honduras
callworthykn,11,F,75,Czech Republic
cscorrerko,13,F,11,Poland
rflipskp,24,F,149,Sweden
wkordingkq,52,F,104,Chile
fblowerskr,35,M,10,Azerbaijan
nauthersks,47,M,81,Uruguay
dbreacherkt,60,F,32,Indonesia
gshrubbku,29,F,135,Netherlands
epengellykv,28,M,69,Russia
twoolmingtonkw,30,F,103,China
alongmaidkx,51,M,184,Armenia
wraiseky,26,F,136,Brazil
adobingkz,25,F,98,Ukraine
fabbiel0,14,M,11,Philippines
jberfootl1,38,F,36,Malawi
ggiffordl2,22,M,89,Serbia
ahuntingl3,49,F,116,Russia
sguyetl4,29,F,44,Serbia
iarnaudotl5,42,F,166,Cameroon
sdacthl6,53,M,138,Indonesia
mlydiatel7,12,F,10,China
lgilsonl8,36,F,200,Philippines
zcarthewl9,19,F,69,Sweden
dloncasterla,54,M,132,Indonesia
pcantualb,34,M,6,Hungary
cgariochlc,32,F,76,Ireland
gguageld,22,M,1,Portugal
rdelvele,28,F,146,Russia
llongfootlf,13,M,180,Indonesia
iwightlg,26,F,10,Russia
llyddiattlh,30,M,78,Indonesia
aslyli,15,M,104,Argentina
jsmoughtonlj,29,M,62,Russia
bfransmanlk,44,M,21,Austria
dportingalell,31,M,5,Saudi Arabia
wmccullumlm,38,F,190,United States
sgatchellln,60,F,30,China
nwhaleylo,29,F,80,China
fgallearlp,25,F,169,South Africa
cjudkinslq,24,F,39,Guatemala
kpriellr,49,F,133,Indonesia
amcgeorgels,51,M,54,Nigeria
ctarquinilt,13,F,45,Indonesia
rpaololu,59,M,119,Sweden
fedelv,23,F,130,Indonesia
bbotwoodlw,24,F,57,Canada
msussemslx,15,M,140,China
sdietzlerly,11,F,194,Namibia
acolpuslz,21,M,20,Chile
kscasem0,18,F,63,Canada
gaizikowitzm1,59,F,184,Ukraine
hhalworthm2,55,M,176,Indonesia
kdurnellm3,58,M,19,Poland
amixhelm4,7,F,40,Mongolia
cedelmannm5,32,F,0,Portugal
fwillishirem6,10,M,176,Poland
bbrimmanm7,21,M,98,Argentina
gkeetingm8,45,M,64,Indonesia
vwybronm9,47,F,62,China
rstollenbergma,34,M,3,Indonesia
akunkelmb,19,M,32,Brazil
dprophetmc,53,M,55,Kuwait
mvigermd,24,M,20,Russia
amumbrayme,42,F,190,Indonesia
bhastinmf,57,F,32,Indonesia
credheadmg,42,F,37,Russia
ahabletmh,23,M,7,Poland
pmulgrewmi,18,M,19,Indonesia
skachmj,47,F,108,Haiti
jborgemk,55,F,38,Peru
eralestonml,58,F,61,Sweden
dleybanmm,27,M,68,China
kpowermn,23,F,88,Japan
edonnemo,54,F,26,Bolivia
eodroughtmp,31,F,7,Indonesia
msharrardmq,13,M,80,China
epaulssonmr,33,M,123,Croatia
bhylandsms,49,M,1,Egypt
bburletonmt,40,F,22,United States
rwhitnellmu,11,F,176,Brazil
ahaydockmv,20,F,115,Portugal
dcarassmw,59,M,145,France
kariesmx,29,F,107,Brazil
luttonmy,12,F,145,Japan
jgleadermz,25,F,199,China
sprobatn0,37,F,155,Syria
dfantinn1,19,M,65,Costa Rica
crobillardn2,16,F,197,Indonesia
mrawsonn3,54,M,73,Samoa
emalinsonn4,27,M,123,China
cdyhousen5,25,M,130,Pakistan
hrupertin6,31,F,14,China
pbennedsenn7,11,F,163,Poland
wgibardn8,19,F,165,Poland
hbrambilln9,59,M,135,United States
mwhealna,42,M,85,Indonesia
vlamplnb,20,M,117,China
kbroenc,27,M,73,United States
widlend,41,M,49,Peru
bsurrne,18,M,29,Indonesia
enaccinf,17,M,165,Iran
elarverng,7,M,22,France
gclaibournnh,15,F,36,China
mkenenni,47,F,198,Czech Republic
glawienj,37,F,91,Czech Republic
rbarrabealenk,21,F,23,Russia
ahughesnl,46,F,166,Costa Rica
lfassamnm,54,M,82,Lithuania
jcarnihannn,36,F,148,Ukraine
rdentithno,31,M,63,France
bhurdnp,31,M,94,Indonesia
pmclanaghannq,59,M,184,Malta
hseiternr,45,M,5,Swaziland
dmolesns,44,M,138,Bulgaria
rarnetnt,7,F,176,Indonesia
pmolenu,15,M,192,Denmark
tonionnv,29,M,28,Peru
bstidworthynw,44,M,191,Brazil
mkohnertnx,11,F,63,China
qlethbrigny,17,M,59,Bosnia and Herzegovina
gguthersonnz,13,F,43,China
dfinko0,54,M,62,China
edeinhardto1,31,M,170,Panama
cstandingfordo2,21,M,138,China
vwestmorelando3,20,M,65,China
ewrighto4,57,M,177,Brazil
ascaseo5,54,F,96,Indonesia
gbatecoko6,20,M,64,Indonesia
bthyso7,60,F,114,Indonesia
gtroutbecko8,53,F,110,Afghanistan
flehono9,54,M,166,Cyprus
fhayhowoa,43,F,27,Mexico
gproudloveob,20,F,112,Sweden
wbatieoc,19,M,187,Russia
jportailod,22,F,184,Indonesia
kwantlingoe,31,M,171,Philippines
bbrymhamof,10,M,26,Sweden
josheerinog,36,M,185,Mexico
epattesalloh,16,M,195,Indonesia
rtooroi,20,F,165,Chile
khabbertoj,47,F,133,Portugal
dshyramok,59,M,175,Brazil
bshieldsol,33,F,50,China
rmacilhenchom,54,M,167,Brazil
tslefordon,23,M,99,Czech Republic
cmazziaoo,56,F,184,Brazil
atoomerop,39,M,45,Russia
abrizelloq,32,F,172,Sweden
tknowleror,24,F,59,Mexico
shehnkeos,20,F,47,Argentina
tdrakersot,34,M,80,Thailand
aeastlakeou,19,M,89,Canada
mwoolensov,34,F,4,Indonesia
msafhillow,30,M,43,Russia
nalesbrookox,18,M,3,Brazil
pascheoy,18,F,169,Sweden
bkirtleyoz,11,F,100,China
geveringtonp0,40,M,93,Brazil
gsempillp1,53,F,153,Czech Republic
estaplesp2,54,M,45,Guatemala
fmanfordp3,28,M,4,Iceland
bpetrusp4,44,F,171,Poland
clepiscopiop5,22,F,194,Indonesia
tsprowellp6,48,F,121,Albania
tmeneghellip7,13,M,78,China
mdallimarep8,28,M,198,France
kacremanp9,54,M,76,France
narmandpa,37,M,108,El Salvador
rwindrasspb,40,M,20,China
bmatypc,24,F,20,Bangladesh
mfloodpd,32,M,33,Germany
amcindrewpe,20,M,34,Mexico
tvareypf,49,M,28,Vietnam
mmcelhinneypg,11,M,5,Mexico
iswyndleyph,36,F,49,Indonesia
rbuckthorpepi,31,F,11,Russia
nnewispj,19,M,64,China
gdommerquepk,36,M,98,Poland
ghyndespl,47,F,193,China
dbozierpm,25,F,39,Indonesia
ringarfillpn,18,M,156,Tajikistan
rknipepo,52,M,24,Panama
hyuillpp,57,M,68,Sweden
ascrammagepq,17,M,137,Ecuador
cgulbergpr,8,M,29,Argentina
cburnessps,44,M,86,Ukraine
gkenrydpt,52,F,167,Nicaragua
aelliotpu,35,M,104,Russia
eattackpv,26,M,196,China
ggodehardsfpw,22,M,46,Russia
cdamiralpx,17,F,11,China
hchippindallpy,14,M,91,China
sbasellipz,19,M,190,Japan
agreatlandq0,37,F,168,Ireland
jbonevantq1,49,F,13,Brazil
atogwellq2,15,M,174,Pakistan
sdugaldq3,51,M,164,Indonesia
jbraddockq4,23,F,75,China
acleavesq5,9,M,166,China
rbreenq6,49,M,24,Armenia
bmclayq7,9,M,100,Portugal
dcornhillq8,41,M,196,Czech Republic
shagleyq9,39,M,93,Sweden
mspeakeqa,28,M,160,Ukraine
vilyuchyovqb,25,F,167,Philippines
kcarrelqc,30,F,161,China
fsturdeyqd,59,M,114,Thailand
llivockqe,29,F,130,Guatemala
mmeaqf,17,M,37,China
agooderridgeqg,35,M,117,Indonesia
dtinniswoodqh,29,M,116,Mongolia
msomersqi,50,F,84,Russia
tshanleyqj,46,F,129,Luxembourg
ramarqk,57,F,66,Argentina
cjaggerql,17,F,2,Philippines
btwinnqm,52,M,82,Brazil
bodonnellqn,44,F,22,Madagascar
ddunseathqo,41,F,124,Russia
cjarrardqp,24,F,183,China
adalesioqq,7,F,168,China
fpopplewellqr,58,M,26,Indonesia
mdewintonqs,36,F,122,Japan
bhaddacksqt,45,M,162,Philippines
ghaddowqu,49,M,108,Thailand
dhendersonqv,46,F,156,Macedonia
dbeddallqw,39,M,130,Brazil
bpedrolloqx,11,M,156,Cambodia
hhorcheqy,23,M,14,Ukraine
dstorkesqz,28,M,32,Venezuela
dlouther0,7,M,162,China
divamyr1,10,M,20,Colombia
rlelliottr2,37,F,178,Philippines
cbennerr3,10,M,186,Indonesia
hbondesenr4,32,F,133,United States
vrambadtr5,41,F,167,Brazil
lpenlingtonr6,52,M,44,Indonesia
ckittleyr7,13,F,77,Poland
aauldr8,29,F,9,Indonesia
vcorneyr9,28,M,2,United States
sdebeauchampra,26,M,158,Czech Republic
lrogerrb,33,M,197,Argentina
bbuckhurstrc,50,F,52,China
ijodrellecrd,9,F,200,Spain
gdelahuntyre,57,F,196,China
ekinetonrf,19,M,23,China
cbraidenrg,41,M,58,China
eetchellsrh,31,F,71,North Korea
kspollenri,31,M,19,Poland
lboheyrj,42,F,137,Russia
cburgillrk,28,F,15,Russia
spotteryrl,26,M,167,Philippines
vpainerm,45,F,34,China
carrolrn,40,M,153,Indonesia
awickesro,44,F,191,Dominican Republic
mclearerp,36,M,186,Syria
tyeldhamrq,53,M,60,Ukraine
bscarlinrr,49,M,66,Zambia
